Workbook

Sheet Spelarna
A2: Pasternak | B2: Boston
A3: Dahlin | B3: Buffalo
A4: Makar | B4: Colorado
A5: MacKinnon | B5: Colorado
A6: Lehkonen | B6: Colorado
A7: Nichushkin | B7: Colorado
A8: Werenski | B8: Columbus
A9: Johnston | B9: Dallas
A10: Rantanen | B10: Dallas
A11: Heiskanen | B11: Dallas
A12: Nugent-Hopkins | B12: Edmonton
A13: McDavid | B13: Edmonton
... A33: Scheifele | B33: Winnipeg

Sheet Byten
B1: period 1/2 | C1: period 1/2 | D1: period 1/2 | E1: period 1/2 | G1: period 2/3 | H1: period 2/3 | I1: period 2/3 | J1: period 2/3
B2: in | C2: ut | D2: in | E2: ut | G2: in | H2: ut | I2: in | J2: ut
A3: Victor
A4: Henrik
A5: Kjell
A6: Kent
A7: Joakim
A8: Fredrik
A9: Mattias
A10: Jarmo

Sheet Tipsen
A1: NHL-tipset jan26-apr26
B3: Timmy | C3: Timmy | D3: Kjell | E3: Kjell | F3: Mattias | G3: Mattias | H3: Henrik | I3: Henrik | J3: Joakim | K3: Joakim | L3: Jarmo | M3: Jarmo | N3: Fredrik | O3: Fredrik
B4: Spelare | C4: Poäng | D4: Spelare | E4: Poäng | F4: Spelare | G4: Poäng | H4: Spelare | I4: Poäng | J4: Spelare | K4: Poäng | L4: Spelare | M4: Poäng | N4: Spelare | O4: Poäng
A6: MV | B6: Kochetkov (Car) | C6: =Spelarna!#REF! -> #REF! | D6: Gustavsson (Min) | E6: =Spelarna!#REF! -> #REF! | F6: Hellebuyck (Win) | G6: =Spelarna!#REF! -> #REF! | H6: Thompson (Was) | I6: =Spelarna!#REF! -> #REF! | J6: Oettinger (Dal) | K6: =Spelarna!#REF! -> #REF! | L6: Blackwood (Col) | M6: =Spelarna!#REF! -> #REF! | N6: Blackwood (Col) | O6: =Spelarna!#REF! -> #REF!
A7: MV | B7: Oettinger (Dal) | C7: =Spelarna!#REF! -> #REF! | D7: Blackwood (Col) | E7: =Spelarna!#REF! -> #REF! | F7: Vasilievskiy (Tam) | G7: =Spelarna!#REF! -> #REF! | H7: Wallstedt (Min) | I7: =Spelarna!#REF! -> #REF! | J7: Kuemper (LAK) | K7: =Spelarna!#REF! -> #REF! | L7: Gibson (Det) | M7: =Spelarna!#REF! -> #REF! | N7: Gibson (Det) | O7: =Spelarna!#REF! -> #REF!
A9: 1:a femman
A10: B | B10: Q. Hughes (Min) | C10: =Spelarna!#REF! -> #REF! | D10: Heiskanen (Dal) | E10: =Spelarna!#REF! -> #REF! | F10: Q. Hughes (Min) | G10: =Spelarna!#REF! -> #REF! | H10: Heiskanen (Dal) | I10: =Spelarna!#REF! -> #REF! | J10: Heiskanen (Dal) | K10: =Spelarna!#REF! -> #REF! | L10: Heiskanen (Dal) | M10: =Spelarna!#REF! -> #REF! | N10: Q. Hughes (Min) | O10: =Spelarna!#REF! -> #REF!
A11: B | B11: Makar (Col) | C11: =Spelarna!#REF! -> #REF! | D11: Hutson (Mon) | E11: =Spelarna!#REF! -> #REF! | F11: Werenski (Colu) | G11: =Spelarna!#REF! -> #REF! | H11: Carlson (Was) | I11: =Spelarna!#REF! -> #REF! | J11: Morrissey (Win) | K11: =Spelarna!#REF! -> #REF! | L11: Werenski (Colu) | M11: =Spelarna!#REF! -> #REF! | N11: Werenski (Colu) | O11: =Spelarna!#REF! -> #REF!
A12: F | B12: Kucherov (Tam) | C12: =Spelarna!#REF! -> #REF! | D12: Rantanen (Dal) | E12: =Spelarna!#REF! -> #REF! | F12: Kucherov (Tam) | G12: =Spelarna!#REF! -> #REF! | H12: Nylander (Tor) | I12: =Spelarna!#REF! -> #REF! | J12: Panarin (NYR) | K12: =Spelarna!#REF! -> #REF! | L12: Celebrini (SJS) | M12: =Spelarna!#REF! -> #REF! | N12: Draisaitl (Edm) | O12: =Spelarna!#REF! -> #REF!
A13: F | B13: Marner (Veg) | C13: =Spelarna!#REF! -> #REF! | D13: Scheifele (Win) | E13: =Spelarna!#REF! -> #REF! | F13: Marner (Veg) | G13: =Spelarna!#REF! -> #REF! | H13: Hyman (Edm) | I13: =Spelarna!#REF! -> #REF! | J13: Hyman (Edm) | K13: =Spelarna!#REF! -> #REF! | L13: Johnston (Dal) | M13: =Spelarna!#REF! -> #REF! | N13: Johnston (Dal) | O13: =Spelarna!#REF! -> #REF!
A14: F | B14: Nugent-Hop (Edm) | C14: =Spelarna!#REF! -> #REF! | D14: Pasternak (Bos) | E14: =Spelarna!#REF! -> #REF! | F14: Nugent-Hop (Edm) | G14: =Spelarna!#REF! -> #REF! | H14: Nugent-Hop (Edm) | I14: =Spelarna!#REF! -> #REF! | J14: Nylander (Tor) | K14: =Spelarna!#REF! -> #REF! | L14: Nugent-Hop (Edm) | M14: =Spelarna!#REF! -> #REF! | N14: Nugent-Hop (Edm) | O14: =Spelarna!#REF! -> #REF!
A16: 2:a femman
A17: B | B17: Bouchard (Edm) | C17: =Spelarna!#REF! -> #REF! | D17: Fox (NYR) | E17: =Spelarna!#REF! -> #REF! | F17: Heiskanen (Dal) | G17: =Spelarna!#REF! -> #REF! | H17: Dahlin (Buf) | I17: =Spelarna!#REF! -> #REF! | J17: Dahlin (Buf) | K17: =Spelarna!#REF! -> #REF! | L17: Raddysh (Tam) | M17: =Spelarna!#REF! -> #REF! | N17: Raddysh (Tam) | O17: =Spelarna!#REF! -> #REF!
A18: B | B18: Dahlin (Buf) | C18: =Spelarna!#REF! -> #REF! | D18: Q. Hughes (Min) | E18: =Spelarna!#REF! -> #REF! | F18: Dahlin (Buf) | G18: =Spelarna!#REF! -> #REF! | H18: Hutson (Mon) | I18: =Spelarna!#REF! -> #REF! | J18: Q. Hughes (Min) | K18: =Spelarna!#REF! -> #REF! | L18: Hutson (Mon) | M18: =Spelarna!#REF! -> #REF! | N18: Hutson (Mon) | O18: =Spelarna!#REF! -> #REF!
A19: F | B19: Nichushkin (Col) | C19: =Spelarna!#REF! -> #REF! | D19: Nugent-Hop (Edm) | E19: =Spelarna!#REF! -> #REF! | F19: Connor (Win) | G19: =Spelarna!#REF! -> #REF! | H19: MacKinnon (Col) | I19: =Spelarna!#REF! -> #REF! | J19: McDavid (Edm) | K19: =Spelarna!#REF! -> #REF! | L19: Hyman (Edm) | M19: =Spelarna!#REF! -> #REF! | N19: Konecny (Phi) | O19: =Spelarna!#REF! -> #REF!
A20: F | B20: J. Hughes (NJD) | C20: =Spelarna!#REF! -> #REF! | D20: Lehkonen (Col) | E20: =Spelarna!#REF! -> #REF! | F20: J. Hughes (NJD) | G20: =Spelarna!#REF! -> #REF! | H20: Boldy (Min) | I20: =Spelarna!#REF! -> #REF! | J20: Pasternak (Bos) | K20: =Spelarna!#REF! -> #REF! | L20: J. Hughes (NJD) | M20: =Spelarna!#REF! -> #REF! | N20: J. Hughes (NJD) | O20: =Spelarna!#REF! -> #REF!
A21: F | B21: Stone (Veg) | C21: =Spelarna!#REF! -> #REF! | D21: Stone (Veg) | E21: =Spelarna!#REF! -> #REF! | F21: Stone (Veg) | G21: =Spelarna!#REF! -> #REF! | H21: Stone (Veg) | I21: =Spelarna!#REF! -> #REF! | J21: Stone (Veg) | K21: =Spelarna!#REF! -> #REF! | L21: Stone (Veg) | M21: =Spelarna!#REF! -> #REF! | N21: Stone (Veg) | O21: =Spelarna!#REF! -> #REF!
A23: Totalpoäng | C23: =SUM(C6:C21) -> #REF! | E23: =SUM(E6:E21) -> #REF! | G23: =SUM(G6:G21) -> #REF! | I23: =SUM(I6:I21) -> #REF! | K23: =SUM(K6:K21) -> #REF! | M23: =SUM(M6:M21) -> #REF! | O23: =SUM(O6:O21) -> #REF!
A25: Placeringspoäng slutställning omgång 1 och 2: | E25: Omgång 1 är mellan 27 december till 25 januari kl 10.00. | K25: Poängligan den 25:e dec 2025 gäller vid bytena. Vid bytena gäller samma grundregler
A26: 20, 16, 13, 11, 9, 7, 5, 4, 3, 2, 1 p | E26: Byte av minst 2 spelare sker 25 januari mellan kl 10.00 - 18.00. | K26: som vid start av tipset. Minst 2 spelare måste man byta (inkl ev byte av målvakt).
E27: Omgång 2 är mellan 25 januari kl 18.00 till 15 mars kl 10.00. | K27: Man får inte byta in en spelare som någon annan redan har i sitt lag.
A28: Placeringspoäng slutställning omgång 3: | E28: Byte av minst 2 spelare sker 15 mars mellan kl 10.00 - 18.00.
A29: 30, 24, 19, 15, 12, 10, 8, 6, 4, 2, 1 p | E29: Omgång 3 är mellan 15 mars kl 18.00 till 17 april. | K29: Mål och assist ger 1p. Seger för målvakt ger 2p. Håller målvakten nollan ger det 2 extrapoäng.
K30: Hopsamlade poäng på spelarna nollställs efter varje delomgång.
A31: Om det blir 2 eller fler som delar en placering, får dessa dela på poängen som dessa platser ger (avrundat till närmaste heltal).
A32: (ex: är det 2 st som blir tvåa i omgång 1 och ska dela på 16+13=29p, så får de 15p var (14,5 avrundas till 15). | K32: Den tippare som har flest placeringspoäng efter alla tre delomgångar vinner tipset.
K33: 300 kr går till vinnaren av period 1, 2 resp 3.
K34: 2.100 kr går till totalvinnaren, 500 kr till totaltvåan.

Sheet Ställningen
A4: NHL-tipset Januari - April
A5: Datum: 2026-01-25
A6: Tippare | B6: Poäng | D6: Ställning period 1 | F6: Poäng
A7: Timmy | B7: =Tipsen!C23 -> #REF! | D7: =_xlfn.RANK.EQ(F7,$F$7:$F$13,0) -> 1 | E7: Mattias | F7: 182
A8: Kjell | B8: =Tipsen!E23 -> #REF! | D8: =_xlfn.RANK.EQ(F8,$F$7:$F$13,0) -> 2 | E8: Fredrik | F8: 179
A9: Mattias | B9: =Tipsen!G23 -> #REF! | D9: =_xlfn.RANK.EQ(F9,$F$7:$F$13,0) -> 3 | E9: Joakim | F9: 171
A10: Henrik | B10: =Tipsen!I23 -> #REF! | D10: =_xlfn.RANK.EQ(F10,$F$7:$F$13,0) -> 4 | E10: Jarmo | F10: 170
A11: Joakim | B11: =Tipsen!K23 -> #REF! | D11: =_xlfn.RANK.EQ(F11,$F$7:$F$13,0) -> 5 | E11: Timmy | F11: 165
A12: Jarmo | B12: =Tipsen!M23 -> #REF! | D12: =_xlfn.RANK.EQ(F12,$F$7:$F$13,0) -> 6 | E12: Kjell | F12: 157
A13: Fredrik | B13: =Tipsen!O23 -> #REF! | D13: =_xlfn.RANK.EQ(F13,$F$7:$F$13,0) -> 7 | E13: Henrik | F13: 150

Sheet nya
A1: NHL-tipset jan26-apr26
B3: Timmy | C3: Timmy | D3: Kjell | E3: Kjell | F3: Mattias | G3: Mattias | H3: Henrik | I3: Henrik | J3: Joakim | K3: Joakim | L3: Jarmo | M3: Jarmo | N3: Fredrik | O3: Fredrik
B4: Spelare | C4: Poäng | D4: Spelare | E4: Poäng | F4: Spelare | G4: Poäng | H4: Spelare | I4: Poäng | J4: Spelare | K4: Poäng | L4: Spelare | M4: Poäng | N4: Spelare | O4: Poäng
A6: MV | B6: Bussi | C6: 20 | D6: Gustavsson (Min) | E6: 13 | F6: Hellebuyck (Win) | H6: Thompson (Was) | J6: Vejmelka | K6: 4 | L6: Bussi | M6: 20 | N6: Bussi | O6: 20
A7: MV | B7: Dostal | C7: 12 | D7: Blackwood (Col) | E7: 19 | F7: Vasilievskiy (Tam) | H7: Wallstedt (Min) | J7: Markström | K7: 34 | L7: Gibson (Det) | M7: 18 | N7: Gibson (Det) | O7: 18
A9: 1:a femman
A10: B | B10: Q. Hughes (Min) | C10: 81 | D10: Sanderson | E10: 91 | F10: Q. Hughes (Min) | H10: Heiskanen (Dal) | J10: Heiskanen (Dal) | K10: 41 | L10: Sanderson | M10: 91 | N10: McAvoy | O10: 100
A11: B | B11: Makar (Col) | C11: 11 | D11: Hutson (Mon) | E11: 31 | F11: Werenski (Colu) | H11: Carlson (Was) | J11: Morrissey (Win) | K11: 71 | L11: McAvoy | M11: 100 | N11: Werenski (Colu) | O11: 21
A12: F | B12: Kaprisov | C12: 1 | D12: Rantanen (Dal) | E12: 1 | F12: Kucherov (Tam) | H12: Nylander (Tor) | J12: Panarin (NYR) | K12: 31 | L12: Celebrini (SJS) | M12: 1 | N12: Draisaitl (Edm) | O12: 1
A13: F | B13: Marner (Veg) | C13: 31 | D13: Scheifele (Win) | E13: 11 | F13: Marner (Veg) | H13: Hyman (Edm) | J13: Hyman (Edm) | K13: 100 | L13: Johnston (Dal) | M13: 11 | N13: Eichel | O13: 11
A14: F | B14: Hagel | C14: 41 | D14: Tkachuk | E14: 100 | F14: Nugent-Hop (Edm) | H14: Nugent-Hop (Edm) | J14: Eichel | K14: 11 | L14: Crosby | M14: 21 | N14: Keller | O14: 41
A16: 2:a femman
A17: B | B17: Bouchard (Edm) | C17: 31 | D17: Josi | E17: 100 | F17: Heiskanen (Dal) | H17: Dahlin (Buf) | J17: Dahlin (Buf) | K17: 81 | L17: Raddysh (Tam) | M17: 81 | N17: Theodore | O17: 100
A18: B | B18: Josi | C18: 100 | D18: Theodore | E18: 100 | F18: Dahlin (Buf) | H18: Hutson (Mon) | J18: McAvoy | K18: 100 | L18: Samuelsson | M18: 100 | N18: Josi | O18: 100
A19: F | B19: Tkachuk | C19: 100 | D19: Aho | E19: 41 | F19: Connor (Win) | H19: MacKinnon (Col) | J19: McDavid (Edm) | K19: 1 | L19: Hyman (Edm) | M19: 100 | N19: Thompson | O19: 41
A20: F | B20: J. Hughes (NJD) | C20: 100 | D20: Debrincat | E20: 21 | F20: J. Hughes (NJD) | H20: Boldy (Min) | J20: Pasternak (Bos) | K20: 21 | L20: Keller | M20: 41 | N20: J. Hughes (NJD) | O20: 100
A21: F | B21: Matthews (FLA) | C21: 100 | D21: Svechnikov | E21: 100 | F21: Stone (Veg) | H21: Stone (Veg) | J21: Tkachuk | K21: 100 | L21: Hagel | M21: 41 | N21: Zibanejad | O21: 61
A23: Totalpoäng | C23: =SUM(C6:C21) -> 628 | E23: =SUM(E6:E21) -> 628 | G23: =SUM(G6:G21) -> 0 | I23: =SUM(I6:I21) -> 0 | K23: =SUM(K6:K21) -> 595 | M23: =SUM(M6:M21) -> 625 | O23: =SUM(O6:O21) -> 614
A25: Placeringspoäng slutställning omgång 1 och 2: | E25: Omgång 1 är mellan 27 december till 25 januari kl 10.00. | K25: Poängligan den 25:e dec 2025 gäller vid bytena. Vid bytena gäller samma grundregler
A26: 20, 16, 13, 11, 9, 7, 5, 4, 3, 2, 1 p | E26: Byte av minst 2 spelare sker 25 januari mellan kl 10.00 - 18.00. | K26: som vid start av tipset. Minst 2 spelare måste man byta (inkl ev byte av målvakt).
E27: Omgång 2 är mellan 25 januari kl 18.00 till 15 mars kl 10.00. | K27: Man får inte byta in en spelare som någon annan redan har i sitt lag.
A28: Placeringspoäng slutställning omgång 3: | E28: Byte av minst 2 spelare sker 15 mars mellan kl 10.00 - 18.00.
A29: 30, 24, 19, 15, 12, 10, 8, 6, 4, 2, 1 p | E29: Omgång 3 är mellan 15 mars kl 18.00 till 17 april. | K29: Mål och assist ger 1p. Seger för målvakt ger 2p. Håller målvakten nollan ger det 2 extrapoäng.
K30: Hopsamlade poäng på spelarna nollställs efter varje delomgång.
A31: Om det blir 2 eller fler som delar en placering, får dessa dela på poängen som dessa platser ger (avrundat till närmaste heltal).
A32: (ex: är det 2 st som blir tvåa i omgång 1 och ska dela på 16+13=29p, så får de 15p var (14,5 avrundas till 15). | K32: Den tippare som har flest placeringspoäng efter alla tre delomgångar vinner tipset.
K33: 300 kr går till vinnaren av period 1, 2 resp 3.
K34: 2.100 kr går till totalvinnaren, 500 kr till totaltvåan.
