Workbook

Sheet Spelarna
A1: Alla valda spelare
C2: Antal | D2: Antal | E2: Antal | F2: Poäng | H2: Poäng | I2: Poäng
A3: Målvakter | B3: Lag | C3: Vinster | D3: Nollor | E3: poäng | F3: totalt | H3: start | I3: period 2
A4: Jarry | B4: Edmonton | C4: 15 | D4: 2 | E4: 0 | F4: =((C4+D4)*2)+E4 -> 34 | H4: 32 | I4: =F4-H4-J4 -> 2
A5: Blackwood | B5: Colorado | C5: 18 | D5: 3 | E5: 0 | F5: =((C5+D5)*2)+E5 -> 42 | H5: 30 | I5: =F5-H5-J5 -> 12
A6: Bussi | B6: Carolina | C6: 25 | D6: 2 | E6: 1 | F6: =((C6+D6)*2)+E6 -> 55 | H6: 41 | I6: =F6-H6-J6 -> 14
A7: Dostal | B7: Anaheim | C7: 24 | D7: 0 | E7: 0 | F7: =((C7+D7)*2)+E7 -> 48 | H7: 36 | I7: =F7-H7-J7 -> 12
A8: Gustavsson | B8: Minnesota | C8: 22 | D8: 3 | E8: 1 | F8: =((C8+D8)*2)+E8 -> 51 | H8: 41 | I8: =F8-H8-J8 -> 10
A9: Vejmelka | B9: Utah | C9: 29 | D9: 1 | E9: 2 | F9: =((C9+D9)*2)+E9 -> 62 | H9: 54 | I9: =F9-H9-J9 -> 8
A10: Lyon | B10: Buffalo | C10: 16 | D10: 2 | E10: 1 | F10: =((C10+D10)*2)+E10 -> 37 | H10: 29 | I10: =F10-H10-J10 -> 8
A11: Markström | B11: New Jersey | C11: 18 | D11: 0 | E11: 3 | F11: =((C11+D11)*2)+E11 -> 39 | H11: 30 | I11: =F11-H11-J11 -> 9
A12: Gibson | B12: Detroit | C12: 23 | D12: 4 | E12: 1 | F12: =((C12+D12)*2)+E12 -> 55 | H12: 49 | I12: =F12-H12-J12 -> 6
A13: Vasilievskiy | B13: Tampa Bay | C13: 28 | D13: 2 | E13: 1 | F13: =((C13+D13)*2)+E13 -> 61 | H13: 47 | I13: =F13-H13-J13 -> 14
C15: Poäng | D15: Poäng | E15: Poäng
A16: Utespelare | B16: Lag | C16: period 2 | D16: totalt | E16: start
A17: Pasternak | B17: Boston | C17: =D17-E17 -> 8 | D17: 72 | E17: 64
A18: McAvoy | B18: Boston | C18: =D18-E18 -> 10 | D18: 43 | E18: 33
A19: Thompson | B19: Buffalo | C19: =D19-E19 -> 12 | D19: 65 | E19: 53
A20: Samuelsson | B20: Buffalo | C20: =D20-E20 -> 7 | D20: 35 | E20: 28
A21: Dahlin | B21: Buffalo | C21: =D21-E21 -> 16 | D21: 53 | E21: 37
A22: Aho | B22: Carolina | C22: =D22-E22 -> 9 | D22: 61 | E22: 52
A23: Gostisbehere | B23: Carolina | C23: =D23-E23 -> 10 | D23: 42 | E23: 32
A24: Svechnikov | B24: Carolina | C24: =D24-E24 -> 10 | D24: 53 | E24: 43
A25: Makar | B25: Colorado | C25: =D25-E25 -> 9 | D25: 64 | E25: 55
A26: MacKinnon | B26: Colorado | C26: =D26-E26 -> 13 | D26: 100 | E26: 87
A27: Werenski | B27: Columbus | C27: =D27-E27 -> 10 | D27: 65 | E27: 55
A28: Johnston | B28: Dallas | C28: =D28-E28 -> 9 | D28: 65 | E28: 56
... A60: Carlson | B60: Washington | C60: =D60-E60 -> 3 | D60: 46 | E60: 43
A61: Connor | B61: Winnipeg | C61: =D61-E61 -> 12 | D61: 70 | E61: 58 | F61: x
A62: Morrissey | B62: Winnipeg | C62: =D62-E62 -> 0 | D62: 42 | E62: 42
A63: Scheiffele | B63: Winnipeg | C63: =D63-E63 -> 14 | D63: 75 | E63: 61

Sheet Byten
B1: period 1/2 | C1: period 1/2 | D1: period 1/2 | E1: period 1/2 | G1: period 2/3 | H1: period 2/3 | I1: period 2/3 | J1: period 2/3
B2: in | C2: ut | D2: in | E2: ut | G2: in | H2: ut | I2: in | J2: ut
A3: Victor
A4: Henrik
A5: Kjell
A6: Kent
A7: Joakim
A8: Fredrik
A9: Mattias
A10: Jarmo

Sheet Tipsen
A1: NHL-tipset jan26-apr26
B3: Timmy | C3: Timmy | D3: Kjell | E3: Kjell | F3: Mattias | G3: Mattias | H3: Henrik | I3: Henrik | J3: Joakim | K3: Joakim | L3: Jarmo | M3: Jarmo | N3: Fredrik | O3: Fredrik
B4: Spelare | C4: Poäng | D4: Spelare | E4: Poäng | F4: Spelare | G4: Poäng | H4: Spelare | I4: Poäng | J4: Spelare | K4: Poäng | L4: Spelare | M4: Poäng | N4: Spelare | O4: Poäng
A6: MV | B6: Bussi (Car) | C6: =Spelarna!I6 -> 14 | D6: Gustavsson (Min) | E6: =Spelarna!I8 -> 10 | F6: Bussi (Car) | G6: =Spelarna!I6 -> 14 | H6: Bussi (Car) | I6: =Spelarna!I6 -> 14 | J6: Vejmelka (Uta) | K6: =Spelarna!I9 -> 8 | L6: Lyon (Buf) | M6: =Spelarna!I10 -> 8 | N6: Bussi (Car) | O6: =Spelarna!I6 -> 14
A7: MV | B7: Dostal (Ana) | C7: =Spelarna!I7 -> 12 | D7: Blackwood (Col) | E7: =Spelarna!I5 -> 12 | F7: Vasilievskiy (Tam) | G7: =Spelarna!I13 -> 14 | H7: Jarry (Edm) | I7: =Spelarna!I4 -> 2 | J7: Markström (NJD) | K7: =Spelarna!I11 -> 9 | L7: Gibson (Det) | M7: =Spelarna!I12 -> 6 | N7: Gibson (Det) | O7: =Spelarna!I12 -> 6
A9: 1:a femman
A10: B | B10: Q. Hughes (Min) | C10: =Spelarna!C37 -> 13 | D10: Theodore (Veg) | E10: =Spelarna!C56 -> 3 | F10: Gostisbehere (Car) | G10: =Spelarna!C23 -> 10 | H10: McAvoy (Bos) | I10: =Spelarna!C18 -> 10 | J10: Heiskanen (Dal) | K10: =Spelarna!C30 -> 10 | L10: Samuelsson (Buf) | M10: =Spelarna!C20 -> 7 | N10: McAvoy (Bos) | O10: =Spelarna!C18 -> 10
A11: B | B11: Makar (Col) | C11: =Spelarna!C25 -> 9 | D11: Hutson (Mon) | E11: =Spelarna!C39 -> 7 | F11: Sergachev (Uta) | G11: =Spelarna!C55 -> 6 | H11: Carlson (Was) | I11: =Spelarna!C60 -> 3 | J11: Morrissey (Win) | K11: =Spelarna!C62 -> 0 | L11: McAvoy (Bos) | M11: =Spelarna!C18 -> 10 | N11: Werenski (Colu) | O11: =Spelarna!C27 -> 10
A12: F | B12: Kaprizov (Min) | C12: =Spelarna!C38 -> 11 | D12: Rantanen (Dal) | E12: =Spelarna!C29 -> 6 | F12: Kucherov (Tam) | G12: =Spelarna!C52 -> 18 | H12: Thompson (Buf) | I12: =Spelarna!C19 -> 12 | J12: Panarin (NYR) | K12: =Spelarna!C44 -> 6 | L12: Celebrini (SJS) | M12: =Spelarna!C49 -> 13 | N12: Draisaitl (Edm) | O12: =Spelarna!C34 -> 20
A13: F | B13: Marner (Veg) | C13: =Spelarna!C58 -> 10 | D13: Scheiffele (Win) | E13: =Spelarna!C63 -> 14 | F13: Marner (Veg) | G13: =Spelarna!C58 -> 10 | H13: Crosby (Pit) | I13: =Spelarna!C48 -> 2 | J13: Hyman (Edm) | K13: =Spelarna!C35 -> 8 | L13: Johnston (Dal) | M13: =Spelarna!C28 -> 9 | N13: Eichel (Veg) | O13: =Spelarna!C57 -> 8
A14: F | B14: Hagel (Tam) | C14: =Spelarna!C51 -> 6 | D14: DeBrincat (Det) | E14: =Spelarna!C31 -> 9 | F14: Keller (Uta) | G14: =Spelarna!C54 -> 11 | H14: Caufield (Mon) | I14: =Spelarna!C41 -> 7 | J14: Eichel (Veg) | K14: =Spelarna!C57 -> 8 | L14: Crosby (Pit) | M14: =Spelarna!C48 -> 2 | N14: Keller (Uta) | O14: =Spelarna!C54 -> 11
A16: 2:a femman
A17: B | B17: Bouchard (Edm) | C17: =Spelarna!C33 -> 16 | D17: Sanderson (Ott) | E17: =Spelarna!C46 -> 7 | F17: Sanderson (Ott) | G17: =Spelarna!C46 -> 7 | H17: Josi (Nas) | I17: =Spelarna!C42 -> 11 | J17: Dahlin (Buf) | K17: =Spelarna!C21 -> 16 | L17: Raddysh (Tam) | M17: =Spelarna!C50 -> 12 | N17: Theodore (Veg) | O17: =Spelarna!C56 -> 3
A18: B | B18: Josi (Nas) | C18: =Spelarna!C42 -> 11 | D18: Josi (Nas) | E18: =Spelarna!C42 -> 11 | F18: Dahlin (Buf) | G18: =Spelarna!C21 -> 16 | H18: Sanderson (Ott) | I18: =Spelarna!C46 -> 7 | J18: McAvoy (Bos) | K18: =Spelarna!C18 -> 10 | L18: Sanderson (Ott) | M18: =Spelarna!C46 -> 7 | N18: Josi (Nas) | O18: =Spelarna!C42 -> 11
A19: F | B19: Tkachuk (Flo) | C19: =Spelarna!C36 -> 11 | D19: Aho (Car) | E19: =Spelarna!C22 -> 9 | F19: Eichel (Veg) | G19: =Spelarna!C57 -> 8 | H19: MacKinnon (Col) | I19: =Spelarna!C26 -> 13 | J19: McDavid (Edm) | K19: =Spelarna!C32 -> 15 | L19: Hyman (Edm) | M19: =Spelarna!C35 -> 8 | N19: Thompson (Buf) | O19: =Spelarna!C19 -> 12
A20: F | B20: J. Hughes (NJD) | C20: =Spelarna!C43 -> 9 | D20: Svechnikov (Car) | E20: =Spelarna!C24 -> 10 | F20: Malkin (Pit) | G20: =Spelarna!C47 -> 8 | H20: Suzuki (Mon) | I20: =Spelarna!C40 -> 10 | J20: Pasternak (Bos) | K20: =Spelarna!C17 -> 8 | L20: Keller (Uta) | M20: =Spelarna!C54 -> 11 | N20: J. Hughes (NJD) | O20: =Spelarna!C43 -> 9
A21: F | B21: Matthews (Tor) | C21: =Spelarna!C53 -> 10 | D21: Tkachuk (Flo) | E21: =Spelarna!C36 -> 11 | F21: Crosby (Pit) | G21: =Spelarna!C48 -> 2 | H21: Stone (Veg) | I21: =Spelarna!C59 -> 8 | J21: Tkachuk (Flo) | K21: =Spelarna!C36 -> 11 | L21: Hagel (Tam) | M21: =Spelarna!C51 -> 6 | N21: Zibanejad (NYR) | O21: =Spelarna!C45 -> 8
A23: Totalpoäng | C23: =SUM(C6:C21) -> 132 | E23: =SUM(E6:E21) -> 109 | G23: =SUM(G6:G21) -> 124 | I23: =SUM(I6:I21) -> 99 | K23: =SUM(K6:K21) -> 109 | M23: =SUM(M6:M21) -> 99 | O23: =SUM(O6:O21) -> 122
A25: Placeringspoäng slutställning omgång 1 och 2: | E25: Omgång 1 är mellan 27 december till 25 januari kl 10.00. | K25: Poängligan den 25:e dec 2025 gäller vid bytena. Vid bytena gäller samma grundregler
A26: 20, 16, 13, 11, 9, 7, 5, 4, 3, 2, 1 p | E26: Byte av minst 2 spelare sker 25 januari mellan kl 10.00 - 18.00. | K26: som vid start av tipset. Minst 2 spelare måste man byta (inkl ev byte av målvakt).
E27: Omgång 2 är mellan 25 januari kl 18.00 till 15 mars kl 10.00. | K27: Man får inte byta in en spelare som någon annan redan har i sitt lag.
A28: Placeringspoäng slutställning omgång 3: | E28: Byte av minst 2 spelare sker 15 mars mellan kl 10.00 - 18.00.
A29: 30, 24, 19, 15, 12, 10, 8, 6, 4, 2, 1 p | E29: Omgång 3 är mellan 15 mars kl 18.00 till 17 april. | K29: Mål och assist ger 1p. Seger för målvakt ger 2p. Håller målvakten nollan ger det 2 extrapoäng.
K30: Hopsamlade poäng på spelarna nollställs efter varje delomgång.
A31: Om det blir 2 eller fler som delar en placering, får dessa dela på poängen som dessa platser ger (avrundat till närmaste heltal).
A32: (ex: är det 2 st som blir tvåa i omgång 1 och ska dela på 16+13=29p, så får de 15p var (14,5 avrundas till 15). | K32: Den tippare som har flest placeringspoäng efter alla tre delomgångar vinner tipset.
K33: 300 kr går till vinnaren av period 1, 2 resp 3.
K34: 2.100 kr går till totalvinnaren, 500 kr till totaltvåan.

Sheet Ställningen
A1: NHL-tipset
A2: Datum: 2026-03-06
A3: Tippare | B3: Poäng | D3: Ställning period 2 | F3: Poäng | G3: LIVE POINTS 2. PERIODEN | I3: Liveställning: 1:a + 2:a perioden | M3: Ställning efter 1:a perioden | O3: Poäng
A4: Timmy | B4: =Tipsen!C23 -> 132 | D4: =_xlfn.RANK.EQ(F4,$F$4:F$10,0) -> 1 | E4: Timmy | F4: 132 | G4: =ROUND(IF(COUNTIF($D$4:$D$10, D4) > 1, AVERAGE(INDEX($H$4:$H$10,MATCH(D4,$D$4:$D$10, 0)):INDEX($H$4:$H$10,MATCH(D4,$D$4:$D$10,0) + COUNTIF($D$4:$D$10,D4) - 1)), H4),0) -> 20 | H4: 20 | I4: =_xlfn.RANK.EQ(K4,$K$4:$K$10,0) -> 5 | J4: Jarmo | K4: =O$8+VLOOKUP(A9,$E$4:$G$10,3,FALSE) -> 17 | M4: 1 | N4: Joakim | O4: 13
A5: Kjell | B5: =Tipsen!E23 -> 109 | D5: =_xlfn.RANK.EQ(F5,$F$4:F$10,0) -> 2 | E5: Mattias | F5: 124 | G5: =ROUND(IF(COUNTIF($D$4:$D$10, D5) > 1, AVERAGE(INDEX($H$4:$H$10,MATCH(D5,$D$4:$D$10, 0)):INDEX($H$4:$H$10,MATCH(D5,$D$4:$D$10,0) + COUNTIF($D$4:$D$10,D5) - 1)), H5),0) -> 16 | H5: 16 | I5: =_xlfn.RANK.EQ(K5,$K$4:$K$10,0) -> 2 | J5: Fredrik | K5: =O$6+VLOOKUP(A10,$E$4:$G$10,3,FALSE) -> 29 | M5: 2 | N5: Kjell | O5: 7
A6: Mattias | B6: =Tipsen!G23 -> 124 | D6: =_xlfn.RANK.EQ(F6,$F$4:F$10,0) -> 3 | E6: Fredrik | F6: 122 | G6: =ROUND(IF(COUNTIF($D$4:$D$10, D6) > 1, AVERAGE(INDEX($H$4:$H$10,MATCH(D6,$D$4:$D$10, 0)):INDEX($H$4:$H$10,MATCH(D6,$D$4:$D$10,0) + COUNTIF($D$4:$D$10,D6) - 1)), H6),0) -> 13 | H6: 13 | I6: =_xlfn.RANK.EQ(K6,$K$4:$K$10,0) -> 1 | J6: Mattias | K6: =O$7+VLOOKUP(A6,$E$4:$G$10,3,FALSE) -> 36 | M6: 3 | N6: Fredrik | O6: 16
A7: Henrik | B7: =Tipsen!I23 -> 99 | D7: =_xlfn.RANK.EQ(F7,$F$4:F$10,0) -> 4 | E7: Kjell | F7: 109 | G7: =ROUND(IF(COUNTIF($D$4:$D$10, D7) > 1, AVERAGE(INDEX($H$4:$H$10,MATCH(D7,$D$4:$D$10, 0)):INDEX($H$4:$H$10,MATCH(D7,$D$4:$D$10,0) + COUNTIF($D$4:$D$10,D7) - 1)), H7),0) -> 10 | H7: 11 | I7: =_xlfn.RANK.EQ(K7,$K$4:$K$10,0) -> 4 | J7: Joakim | K7: =O$4+VLOOKUP(A8,$E$4:$G$10,3,FALSE) -> 23 | M7: 4 | N7: Mattias | O7: 20
A8: Joakim | B8: =Tipsen!K23 -> 109 | D8: =_xlfn.RANK.EQ(F8,$F$4:F$10,0) -> 4 | E8: Joakim | F8: 109 | G8: =ROUND(IF(COUNTIF($D$4:$D$10, D8) > 1, AVERAGE(INDEX($H$4:$H$10,MATCH(D8,$D$4:$D$10, 0)):INDEX($H$4:$H$10,MATCH(D8,$D$4:$D$10,0) + COUNTIF($D$4:$D$10,D8) - 1)), H8),0) -> 10 | H8: 9 | I8: =_xlfn.RANK.EQ(K8,$K$4:$K$10,0) -> 2 | J8: Timmy | K8: =O$10+VLOOKUP(A4,$E$4:$G$10,3,FALSE) -> 29 | M8: 5 | N8: Jarmo | O8: 11
A9: Jarmo | B9: =Tipsen!M23 -> 99 | D9: =_xlfn.RANK.EQ(F9,$F$4:F$10,0) -> 6 | E9: Henrik | F9: 99 | G9: =ROUND(IF(COUNTIF($D$4:$D$10, D9) > 1, AVERAGE(INDEX($H$4:$H$10,MATCH(D9,$D$4:$D$10, 0)):INDEX($H$4:$H$10,MATCH(D9,$D$4:$D$10,0) + COUNTIF($D$4:$D$10,D9) - 1)), H9),0) -> 6 | H9: 7 | I9: =_xlfn.RANK.EQ(K9,$K$4:$K$10,0) -> 5 | J9: Kjell | K9: =O$5+VLOOKUP(A5,$E$4:$G$10,3,FALSE) -> 17 | M9: 6 | N9: Henrik | O9: 5
A10: Fredrik | B10: =Tipsen!O23 -> 122 | D10: =_xlfn.RANK.EQ(F10,$F$4:F$10,0) -> 6 | E10: Jarmo | F10: 99 | G10: =ROUND(IF(COUNTIF($D$4:$D$10, D10) > 1, AVERAGE(INDEX($H$4:$H$10,MATCH(D10,$D$4:$D$10, 0)):INDEX($H$4:$H$10,MATCH(D10,$D$4:$D$10,0) + COUNTIF($D$4:$D$10,D10) - 1)), H10),0) -> 6 | H10: 5 | I10: =_xlfn.RANK.EQ(K10,$K$4:$K$10,0) -> 7 | J10: Henrik | K10: =O$9+VLOOKUP(A7,$E$4:$G$10,3,FALSE) -> 11 | M10: 7 | N10: Timmy | O10: 9
A13: Liveställning: 1:a + 2:a perioden | C13: Poäng
A14: 1 | B14: Mattias | C14: 36
A15: 2 | B15: Fredrik | C15: 29
A16: 2 | B16: Timmy | C16: 29
A17: 4 | B17: Joakim | C17: 23
A18: 5 | B18: Jarmo | C18: 17
A19: 5 | B19: Kjell | C19: 17
A20: 7 | B20: Henrik | C20: 11
A22: Ställning efter 1:a perioden | C22: Poäng
A23: 1 | B23: Mattias | C23: 20
A24: 2 | B24: Fredrik | C24: 16
A25: 3 | B25: Joakim | C25: 13
A26: 4 | B26: Jarmo | C26: 11
A27: 5 | B27: Timmy | C27: 9
A28: 6 | B28: Kjell | C28: 7
A29: 7 | B29: Henrik | C29: 5
